{
  "bids": [
    "116379.23",
    "0.161",
    "116379.21",
    "1.088520",
    "116379.18",
    "0.962371",
    "116379.16",
    "0.526793",
    "116339.08",
    "0.000089",
    "116339.07",
    "0.075065",
    "116334.00",
    "0.043071",
    "116327.43",
    "0.139405",
    "116318.28",
    "0.301399",
    "116315.78",
    "0.258899"
  ],
  "asks": [
    "116418.90",
    "0.00018",
    "116453.90",
    "0.000069",
    "116469.19",
    "0.000425",
    "116469.20",
    "0.26",
    "116485.35",
    "0.000031",
    "116507.00",
    "0.043037",
    "116523.31",
    "0.295034",
    "116534.96",
    "0.373008",
    "116543.60",
    "0.000031",
    "116546.60",
    "0.517824"
  ],
  "scale": "0.01",
  "time": 1754684544413,
  "ts": 1754684544444
}